timestamp,sessionTime,x,y,confidence
71725.40000000596,21487,942.3014993382895,534.5582007358964,0
71825.5,21588,904.6986974866385,499.1974732263051,0
71942,21704,869.7975885888068,465.4248487169334,0
72042.80000001192,21803,828.0355682375077,431.07033403454164,0
72143,21904,797.0692274847555,401.7486774869602,0
72242.30000001192,22003,821.5384436176793,382.94384184987786,0
72342.30000001192,22104,823.1935654144309,364.7646524862618,0
72442.90000000596,22203,798.14695889266,341.4550140767565,0
72542.5,22304,725.7985328223623,316.472005095294,0
72643.59999999404,22403,676.0218003055755,348.0548307744906,0
72742.90000000596,22503,635.9586045449005,379.71780230546455,0
72841.5,22603,603.8296781720493,381.30763965513097,0
72942,22703,600.9200025269704,396.1500033005396,0
73043.30000001192,22820,595.1647359126165,428.97465585538754,0
73160.09999999404,22920,609.316114952526,424.96449799451756,0
73260,23019,604.9890954040426,407.6664310555846,0
73358.59999999404,23120,614.9598578703982,399.89892506416066,0
73459.30000001192,23236,626.9290119104909,395.08890716446103,0
73608.90000000596,23385,656.1418955937303,373.82436270234615,0
73758.5,23536,706.4275161297684,442.5442675589108,0
73891.5,23686,741.5490434691427,464.81916400017036,0
74061.59999999404,23836,791.4225275622757,514.4223356266498,0
74209,24003,824.8131860589436,574.95188826417,0
74376.59999999404,24170,863.1521165602169,620.7883221070164,0
74542.09999999404,24319,883.9466559243045,652.0574369752227,0
74691.80000001192,24488,967.4925334033859,721.3148560638216,0
74858,24637,968.5631178085615,717.5552895353529,0
74974.59999999404,24753,950.8218560864294,698.3743246099868,0
75092.5,24869,953.4532455892314,681.6239982868887,0
75207.90000000596,24970,950.073127169788,634.48909082279,0
75308.5,25085,928.5255550777176,589.37262132427,0
75424.09999999404,25202,939.7788459839455,580.2584511334474,0
75541.90000000596,25303,911.2078941763446,537.433353901822,0
75642.20000001788,25419,853.9747244092825,498.25953373799894,0
75760.20000001788,25536,776.6782475544826,418.6265708504212,0
75876.90000000596,25636,726.5375464068064,354.83421420861447,0
75975.40000000596,25754,729.4814806651282,323.1572284959751,0
76093.09999999404,25869,803.5059386518776,378.08448670416135,0
76208,25998,764.7971553963425,346.22408027362235,0
76338.40000000596,26062,724.2299452107958,300.6538771640272,0
76387.30000001192,26106,695.4944835466416,268.8025351768284,0
76430.20000001788,26159,688.8623312217102,251.41077438929207,0
76486.59999999404,26207,697.6044125559292,250.90287951322142,0
76532,26255,720.0379822799828,244.73267827678697,0
76579.30000001192,26308,732.250226937507,254.55826994277422,0
76633.30000001192,26363,742.0085836890114,250.2644638219817,0
76689.20000001788,26410,771.617126896034,243.18127399179187,0
76735.90000000596,26462,794.5840605123475,234.61335982445698,0
76787,26513,826.2991238234497,238.56589058277308,0
76838.80000001192,26562,848.8910846714912,241.85710901492214,0
76888,26607,884.4972847173375,258.4647186585998,0
76931.80000001192,26658,891.435097001021,259.22945860331936,0
76983.5,26706,863.6580303726914,279.104855481036,0
77031.90000000596,26756,832.9518975799741,289.76754627374197,0
77081.30000001192,26805,876.8921231975435,317.3410511007339,0
77130.59999999404,26857,866.9022668519146,326.6664154266265,0
77181.70000001788,26909,846.7391798443838,338.8938081733166,0
77235.80000001192,26971,814.5754607489896,341.2309688061456,0
77295.59999999404,27014,814.5231491459277,342.91586598868156,0
77340.70000001788,27063,789.9961140829362,345.70206160109507,0
77389.59999999404,27113,776.537592794855,351.0783154698525,0
77437.90000000596,27160,763.1702864030534,349.8098284763308,0
77486.09999999404,27212,750.2655053186246,346.5574846582007,0
77536.5,27257,746.7556530796891,347.4895952848387,0
77581.90000000596,27306,763.8746363020263,352.8933467713868,0
77631.70000001788,27352,769.9099059181648,362.9224353354929,0
77677.5,27405,769.760538874385,365.8482229588092,0
77730.30000001192,27448,768.3668298050767,362.09775495446763,0
77777,27498,760.3756380872552,372.32457983650113,0
77827.30000001192,27556,730.2715518874314,368.1313384250762,0
77881.5,27609,691.4138360457192,379.037216958463,0
77933.80000001192,27655,711.2660157345694,431.18369343409773,0
77980.20000001788,27708,739.4244098376287,441.56391334366026,0
78033.20000001788,27756,744.0065748414241,444.67638913277597,0
78081.09999999404,27799,791.0257426365172,459.42355779360577,0
78125.59999999404,27843,804.1303944147649,456.71585228631926,0
78167.59999999404,27895,814.0296230896766,456.62446692550196,0
78221.30000001192,27956,887.307560647865,473.3784507309776,0
78284.20000001788,28008,916.2726052193506,469.528626329255,0
78332.40000000596,28056,981.0521504845867,451.1450592012391,0
78381.20000001788,28107,1033.424711647643,432.9211625816051,0
78433.90000000596,28176,1088.0923388370295,447.45233997427556,0
78513.70000001788,28245,1119.143619629647,426.06428006951796,0
78571.20000001788,28290,1155.6167027509425,429.37899467051403,0
78615.09999999404,28342,1178.16499628014,427.91665579138316,0
78669.09999999404,28398,1212.1195797322196,432.25734193265845,0
78726.70000001788,28445,1224.032728157447,434.2141699965524,0
78769.40000000596,28490,1247.0166313190448,437.1967879299114,0
78815.20000001788,28543,1249.3994791567468,439.70804252651595,0
78869.20000001788,28594,1243.2768098744596,439.41623475696235,0
78920.30000001192,28640,1233.505089263555,428.0728931939811,0
78965.90000000596,28688,1210.156711789028,406.04684121159045,0
79013.40000000596,28740,1057.2063063657997,342.16669460076105,0
79066.5,28790,921.1540590364971,317.13058912760806,0
79114.30000001192,28841,861.3666149920938,348.10895401489626,0
79166.40000000596,28888,758.7937273779662,355.18934962472173,0
79213.90000000596,28938,749.5893949413518,379.6490162300252,0
79263.70000001788,28985,724.0191834969049,383.2922792366943,0
79310.40000000596,29029,684.6773602738795,383.12284158836707,0
79354.59999999404,29075,666.859724547155,374.13381542780996,0
79399.80000001192,29120,646.6668378540453,354.763263121496,0
79445.30000001192,29163,656.5479592980306,333.5174141383857,0
79488.70000001788,29206,671.5750936209758,330.8673041091014,0
79530.90000000596,29258,642.6075698756598,312.1177101661376,0
79583.90000000596,29309,618.7156099000629,284.84413494290106,0
79634.20000001788,29358,578.3418045683025,253.93778461782568,0
79683.09999999404,29411,522.9446684810118,233.09107068525856,0
79737.40000000596,29457,469.2180092323442,209.61551130636565,0
79782.09999999404,29503,451.9750760751781,193.7037054125333,0
79828.20000001788,29546,415.90381922976326,174.41774924526428,0
79873.09999999404,29596,400.4603681937671,166.12725014645227,0
79922.20000001788,29657,376.46880559472527,162.78483391623186,0
79988.70000001788,29710,481.29691614889634,198.5767049355473,0
80034.90000000596,29763,573.5790724798239,232.35878040706802,0
80090.5,29825,612.3738401026111,238.73160298856948,0
80151.90000000596,29872,681.9940500928,266.40727398821997,0
80196.59999999404,29923,735.6656421703796,281.7219552910591,0
80249.30000001192,29969,765.6410537743969,289.47768732374226,0
80295,30013,804.4879726188416,289.8468842624497,0
80340.09999999404,30070,786.417414574443,289.93557541840505,0
80396.80000001192,30123,738.0707173178005,262.93510310189174,0
80448.5,30171,687.5400950316689,251.47636488310104,0
80496.40000000596,30224,639.7321777027032,247.22579315144338,0
80550.80000001192,30280,626.9431802206718,291.6972680585478,0
80608.30000001192,30328,707.3079752685532,363.7577750865763,0
80653.5,30374,747.1030219809851,397.50060126319715,0
80698.80000001192,30421,751.1920916694035,377.90545015443115,0
80745.59999999404,30469,775.9191404851152,356.8859528406581,0
80794.80000001192,30513,778.5286885605321,323.7753061692262,0
80840.70000001788,30559,786.6925381181396,324.9198484516373,0
80887.70000001788,30612,805.2394082528584,331.2642659608509,0
80938.09999999404,30656,819.3106952072543,337.31738601295353,0
80980.80000001192,30700,814.5224121792457,309.5334575421962,0
81026.09999999404,30747,806.224890683862,300.02630399967114,0
81075,30799,806.7454472679211,301.33450913960087,0
81125.5,30855,807.4733564338698,286.5752567868858,0
81180.59999999404,30907,798.0149739320763,277.18755232074915,0
81231.80000001192,30955,753.2882927108658,271.7883712480107,0
81280.40000000596,31006,712.3282207220875,242.90703975782694,0
81332.80000001192,31068,669.6180030538509,216.3157085613143,0
81396.40000000596,31120,620.28219789227,189.71705433892137,0
81444.80000001192,31197,587.8550617652593,188.2781663305769,0
81531.59999999404,31255,552.3262137818721,184.14266287834243,0
81580.70000001788,31307,569.5941629411373,168.08430535214006,0
81632.30000001192,31359,563.4007940750922,146.20885233836043,0
81684.5,31421,562.2142179161154,128.115962880938,0
81746.20000001788,31473,561.9474007995973,113.67554679725504,0
81798.80000001192,31526,589.1694841302606,120.48383473536943,0
81852.90000000596,31578,601.8420782891798,118.66897369030454,0
81902.70000001788,31626,636.0353090148213,132.46628934617198,0
81951.20000001788,31672,662.5603678721124,140.8004469148314,0
81996.70000001788,31722,678.7962606733323,158.2304528764931,0
82049.80000001192,31789,697.9203052208362,164.5687273068242,0
82115.09999999404,31844,704.6735310431968,175.25276129416315,0
82169.40000000596,31898,709.093405556049,187.68229145257817,0
82224.80000001192,31961,693.5166958730181,255.33873455608347,0
82287,32010,663.3756031247577,290.98632105966186,0
82335.20000001788,32060,632.5132103319232,325.5594102351797,0
82391.30000001192,32114,613.6674961997845,345.492864826291,0
82439.80000001192,32249,610.5228287262207,369.42936560615,0
82605.40000000596,32415,606.3005434654992,396.7596919550116,0
82771.20000001788,32566,642.969557916572,447.83768045475966,0
82921,32732,673.2677926610693,496.2111753756605,0
83089.59999999404,32916,706.3227316195193,505.13884265193497,0
83270.90000000596,33082,703.000466268647,467.5890721951653,0
83439.30000001192,33249,699.422269756037,459.7071956966894,0
83604.5,33449,743.4707896639758,484.92783778457334,0
83806.20000001788,33616,806.7263842582769,537.6534013907683,0
83971,33749,858.1767097840783,580.0486057297392,0
84089.40000000596,33849,878.5609036283487,565.3838046693902,0
84188.20000001788,33949,898.9494337198241,555.7578227605725,0
84287.59999999404,34049,843.2426345477248,545.5694194774585,0
84388.90000000596,34149,870.2551575450494,585.8828007504629,0
84489.30000001192,34266,884.119378689814,580.0213333933136,0
84605.30000001192,34382,888.893612716723,554.8118145956382,0
84720.80000001192,34499,898.2365763643862,543.601857846985,0
84870.59999999404,34649,896.4325503803476,528.1650644904095,0
85021.59999999404,34816,890.4367612533675,514.9231103160307,0
85188.5,34965,879.7997056049558,489.20932134630164,0
85339.20000001788,35131,886.6837843346771,480.87020309218184,0
85503.5,35279,886.7819206195313,480.38180615346783,0
85609.20000001788,35338,919.0239565608078,480.86232865037186,0
85665.09999999404,35403,927.3748979753312,444.1284313471534,0
85732.59999999404,35467,905.7823144448147,420.9474844894972,0
85794.40000000596,35525,882.8167119318439,378.1715220424312,0
85855,35582,875.6815484866894,346.7211734430146,0
85910,35636,857.3326588933172,343.4926965053822,0
85963.5,35690,782.7203997848421,331.016209649668,0
86017.30000001192,35753,858.9590475745837,443.1184617570058,0
86082.09999999404,35811,890.0586888796788,463.1962872725401,0
86141.30000001192,35868,911.8723219024059,482.9752823061616,0
86196.59999999404,35931,924.2054910442695,460.61084547924247,0
86262.90000000596,35996,936.2922694189165,427.0573281742664,0
86325.09999999404,36054,940.7464641997334,395.2428992893871,0
86381.40000000596,36112,953.2928398656193,381.50265066532324,0
86441,36168,962.8370300020963,418.4419431133837,0
86495.20000001788,36227,966.0827150556012,450.42779333258073,0
86558.40000000596,36287,953.2244599198907,477.18758518137565,0
86611.59999999404,36337,950.3226250115387,499.9961780917196,0
86662.70000001788,36389,949.6907301606886,524.8209751277878,0
86714.40000000596,36452,950.3312359677411,530.4252029989104,0
86778.90000000596,36510,952.1235357107585,547.1804546400462,0
86842.09999999404,36585,952.5774012019248,543.1651741444444,0
86914.70000001788,36647,951.6445217119259,528.4651506972725,0
86973.80000001192,36724,933.6009713711879,506.52376904788076,0
87052.40000000596,36786,926.4514946663397,489.0449601812552,0
87111.59999999404,36838,920.2594724421031,466.6704996543145,0
87166.90000000596,36897,908.9603817998075,466.36966963105175,0
87224.30000001192,36953,903.0713781263296,474.7220427181788,0
87277.70000001788,37008,902.4485841176361,491.9308046081084,0
87334.40000000596,37071,905.5476961762254,475.63306823631535,0
87406.20000001788,37135,914.8880816284387,481.302878033626,0
87461,37188,920.2568164090468,486.3090428923096,0
87512.90000000596,37239,935.3926895582931,492.45893083377257,0
87564,37290,936.2163536891543,494.252362877404,0
87615.70000001788,37337,945.2943083266056,502.9740115940772,0
87661.80000001192,37388,949.8983317457169,517.0511902667133,0
87714.80000001192,37438,963.4055281828768,519.8511679265907,0
87763.20000001788,37487,958.2837857199755,542.7037994425334,0
87813.20000001788,37537,859.1600365198567,520.07308820839,0
87865,37588,822.9386359634839,540.9023030164584,0
87916.30000001192,37642,841.9240991614338,567.2434619690994,0
87973.80000001192,37696,818.7365779831804,577.2810983111085,0
88024.59999999404,37752,805.1742903151855,610.7895641453208,0
88080.59999999404,37807,792.6802665725844,625.2243232539687,0
88135,37859,797.60216001659,653.1222524658174,0
88190.5,37918,806.8578312177802,679.6055634777065,0
88247.5,37977,809.5554437839928,683.4291687218895,0
88310,38037,823.3655214815406,691.6131166736242,0
88363.90000000596,38106,805.1044834019341,685.1397200967305,0
88433.40000000596,38165,809.766048492791,692.4909046737455,0
88492.09999999404,38222,823.7090811583533,708.5344454501078,0
88547,38276,824.4404487720764,705.8514162820379,0
88601.59999999404,38328,831.1808164465243,702.5925252544298,0
88655.09999999404,38378,823.1106814488817,688.608226159032,0
88705.80000001192,38428,810.4391475180054,677.4918788875891,0
88757.70000001788,38487,807.6105806831321,689.5859045926732,0
88812.30000001192,38540,802.3574078600342,676.1249991740457,0
88865.90000000596,38594,798.9727106919246,690.2303708183399,0
88922.30000001192,38655,797.4822324452726,682.7731691635533,0
88980.90000000596,38708,836.8667796776501,677.1742459765577,0
89034.30000001192,38760,861.2428337153895,645.5846729503513,0
89086.80000001192,38811,911.9280359815388,630.4900853141377,0
89141,38870,935.9441036838572,606.6613985459502,0
89198.40000000596,38922,979.991483756509,591.5504164327931,0
89255.5,38979,973.8845307043039,557.9755022348027,0
89307.30000001192,39035,971.7614401020535,538.9088208116123,0
89360.70000001788,39085,977.6439630894046,539.3820103865522,0
89410.09999999404,39134,1025.1783644561929,552.6350476242892,0
89458.59999999404,39177,1012.707533267484,530.9616740503753,0
89506.20000001788,39237,1063.7825751941361,571.2977976089841,0
89562.09999999404,39285,1006.3228831943258,584.4858944202525,0
89610.40000000596,39334,994.4048413318536,610.3815112557498,0
89659.59999999404,39385,994.7436962694145,641.8394526973311,0
89710.20000001788,39437,980.6965541552469,659.7865288645999,0
89762.59999999404,39487,960.76621743005,661.8534286775006,0
89811.70000001788,39535,950.2662420684696,646.064110243215,0
89860.09999999404,39592,936.8811949780754,635.89729529847,0
89924.80000001192,39649,918.827732061883,616.5235469216188,0
89979.80000001192,39704,890.9534124085718,607.6338363494291,0
90031.80000001192,39754,871.7021944583107,577.9269969668694,0
90081,39805,873.2213610674471,533.5389652575584,0
90132.20000001788,39856,892.5510718206281,493.6273456632621,0
90185.90000000596,39909,908.4794131843687,503.96853387556104,0
90239.90000000596,39970,942.2273648529857,508.8189186590254,0
90299.09999999404,40033,967.2106353310644,473.48007545985865,0
90359.70000001788,40090,1039.8862413720958,477.4952545410953,0
90415.5,40155,1120.2847701096641,489.74992989669397,0
90480.5,40218,1192.2598317401894,483.0624532310865,0
90543.59999999404,40273,1250.237780903143,487.100756876832,0
90597.80000001192,40341,1308.8925934223864,465.43548137016137,0
90666.40000000596,40402,1359.0671248593865,456.8002515941773,0
90727.40000000596,40458,1397.478451227912,457.15862789678147,0
90783,40508,1420.7497792664635,464.1261007918885,0
90833.30000001192,40561,1447.6966967259443,496.1981669366355,0
90888.5,40624,1298.7900853601595,464.57822398358456,0
90949.20000001788,40675,1154.748719112946,446.50321311587237,0
91000.70000001788,40727,1067.976519572628,452.26965985213053,0
91055.70000001788,40786,979.6036069077539,447.1329333917271,0
91110.70000001788,40835,924.8568871116673,452.4165149721478,0
91159.80000001192,40884,854.7437642751833,449.55867307930123,0
91209.70000001788,40933,795.9821860049778,478.08829046676925,0
91259.5,40985,741.1333980925955,493.77611308091343,0
91309.90000000596,41040,787.7664194809338,541.72220625712,0
91369.40000000596,41107,828.9629783327613,548.2823590399432,0
91436.70000001788,41156,842.7584786580885,535.927896577972,0
91480.30000001192,41229,844.8371790254271,510.17965793870036,0
91600.70000001788,41379,797.362918845468,474.47034528192955,0
91751.40000000596,41545,791.4722858275474,432.93446040463954,0
91917.30000001192,41711,722.5763995544384,351.22205267594563,0
92084.40000000596,41878,733.1271554415868,300.9007180273748,0
92218.30000001192,41995,719.7094122210783,261.2097288507791,0
92334.09999999404,42112,786.6114947565725,294.92008031547476,0
92451.20000001788,42228,863.8517627954359,332.1238836153049,0
92571.59999999404,42345,959.6917218806516,411.8322010632139,0
92684.5,42445,1029.899301451479,488.0013141728294,0
92785.09999999404,42545,1024.9934503171478,478.77495309727715,0
92884.80000001192,42646,937.3359355510595,489.4301699391018,0
92985.70000001788,42763,938.7597585801527,492.52887617297097,0
93101.40000000596,42878,1002.6033875585788,536.5850885102726,0
93219.70000001788,42996,985.8486060683917,562.9862559050557,0
93336.20000001788,43095,879.9633675657725,566.2106757004536,0
93435.59999999404,43196,797.5090814312889,563.4125957705452,0
93535.09999999404,43288,722.5341215227434,556.7712009014137,0
93614.5,43338,676.9038160747275,552.1320784835099,0
93662.40000000596,43389,640.9369584131787,548.7265642766112,0
93715,43439,613.4902189371913,540.846579495665,0
93763.70000001788,43485,593.6435541009132,533.0055592104591,0
93809.80000001192,43529,575.7450614739672,520.7137278294412,0
93855,43572,561.9377275859906,516.3464445807188,0
93896.90000000596,43617,526.8182979857128,510.8404131962667,0
93942.40000000596,43666,496.38557862682563,483.2346204996706,0
93990.59999999404,43709,480.8346334901973,487.956198470203,0
94035.90000000596,43751,473.02377156592627,470.34636625076604,0
94076.09999999404,43797,464.526863180435,453.2084371896586,0
94122.40000000596,43848,465.61588460241376,440.627697922044,0
94173.5,43894,455.50468330643537,411.6935297259299,0
94220.20000001788,43939,460.8915638900426,400.8702128082661,0
94266.90000000596,43988,449.49308251186113,383.54190227513254,0
94313.80000001192,44050,468.99951328626673,382.394403006939,0
94375.5,44099,533.3328229654895,406.09352178148265,0
94424.09999999404,44151,526.609500124665,403.35183936563277,0
94475.20000001788,44195,572.6351589597833,422.307239200152,0
94521.80000001192,44240,627.2868890834108,446.3127345160675,0
94567.80000001192,44287,683.8079125828734,466.35310329320635,0
94612.5,44334,732.4964975114311,489.65920680695314,0
94659.09999999404,44382,764.1457336718502,502.88058067211756,0
94707.09999999404,44432,769.5969385555134,508.7914532691037,0
94759.20000001788,44484,774.6618422554129,514.6785786783627,0
94809,44536,765.3610886703079,508.8145885343124,0
94861.09999999404,44589,766.6670479620391,497.18902930957057,0
94916.20000001788,44636,792.152447983578,514.3996694501293,0
94962.20000001788,44694,822.2151052461096,520.0383466812739,0
95023.20000001788,44758,844.9791020460535,514.2937410709397,0
95085.90000000596,44820,846.375538711457,505.1482075823137,0
95148.40000000596,44872,824.0276416664464,499.84262208529344,0
95196.90000000596,44924,787.5437062944217,494.8774945473395,0
95252.5,44976,782.0911753498217,490.0591425633479,0
95304.30000001192,45035,752.7703440301788,487.29293673108293,0
95361.20000001788,45101,731.5708224853004,477.4508766481595,0
95430,45165,697.9105433317221,461.8873355306922,0
95490.20000001788,45223,646.9006401157187,433.75508535145934,0
95551.90000000596,45288,630.035324727204,418.7153146260156,0
95615.70000001788,45349,616.718262641621,408.6625528999997,0
95676.59999999404,45402,605.6445014719557,401.13533922933294,0
95727.59999999404,45457,609.5143224326476,402.314160215775,0
95786.59999999404,45526,616.3232054700853,398.30165725788873,0
95854.70000001788,45582,642.8451673558014,401.2199649046784,0
95906.80000001192,45632,672.9778866694342,400.2878641280498,0
95957.30000001192,45679,683.3261576321311,393.8221071666736,0
96004.90000000596,45724,685.7021153023455,400.6351845316423,0
96049.5,45768,699.4678118091628,397.8270295733854,0
96093.30000001192,45817,717.1618194937678,407.0545692551103,0
96142.70000001788,45870,698.7469541440225,402.1656960521008,0
96196.70000001788,45916,695.9972231703803,406.52871725242187,0
96241.30000001192,45983,679.5012786768146,407.3015466981407,0
96309.5,46034,695.9035912587788,411.4607651377053,0
96359.20000001788,46082,719.3809875038793,424.2284359299105,0
96407.59999999404,46126,764.8050825824278,441.61537434568766,0
96451.80000001192,46170,786.3776397243523,455.90943841530014,0
96495.30000001192,46215,793.0090602739676,458.67698864601823,0
96539.90000000596,46261,798.2776440553278,467.70464121505523,0
96587.09999999404,46308,801.4428975821271,480.2738123986081,0
96636.09999999404,46357,783.8238375177499,462.8142009336653,0
96686.59999999404,46406,752.3295121197652,446.14999519816797,0
96731.59999999404,46449,735.9356779753526,433.19220469523896,0
96774,46494,721.4885106487185,417.1789600465324,0
96819.59999999404,46536,703.9990350272875,408.9989113459135,0
96860.70000001788,46581,678.889841074298,388.6127397857697,0
96906,46628,653.021661867715,380.43099363063277,0
96953.5,46674,616.6183872172251,357.5041523341788,0
97001.20000001788,46719,619.4376898228443,357.9200587987307,0
97044.20000001788,46768,594.7727784118105,349.39440567561934,0
97094.20000001788,46830,590.6666625840277,347.7559528765954,0
97155.20000001788,46880,607.6421062486341,363.7581641262711,0
97205.5,46925,619.3303817229727,369.2592200998309,0
97251.09999999404,46969,649.049832392763,382.45421515185177,0
97294.80000001192,47014,714.9567812738933,422.18804918831427,0
97339,47058,775.9604387459127,460.14158236155595,0
97386.20000001788,47106,767.0329499089563,451.1554527621807,0
97431.30000001192,47148,775.0038936412499,461.40163892907884,0
97473.20000001788,47197,758.5310483930833,456.40304533667364,0
97522.30000001192,47253,739.4344382094081,441.2847062617655,0
97580,47303,733.2594485066145,429.8277690770294,0
97628,47350,706.864579888192,426.8178924121387,0
97674.5,47399,672.879149458163,412.6510678066422,0
97724.40000000596,47450,649.9447509033116,405.2920181005114,0
97775.20000001788,47499,622.2932517542657,401.08503914198,0
97823.90000000596,47548,614.463011231245,396.7703286609725,0
97872.80000001192,47596,609.9245795663334,396.8379055816437,0
97921.5,47644,599.216476400352,388.0904935205226,0
97970.59999999404,47699,598.8528213920172,388.0217730316336,0
98023.80000001192,47745,610.6924198912966,383.91715837636497,0
98070.90000000596,47794,630.9046272697389,399.61551824426203,0
98119.30000001192,47834,667.82980390782,431.64185457696357,0
98159.90000000596,47887,700.2026343779311,461.5241365149394,0
98216.20000001788,47941,734.3318821899204,474.6405652723671,0
98268.90000000596,47988,730.2163229291582,465.485797823827,0
98314.20000001788,48034,741.3115249181186,465.84695145680104,0
98358.70000001788,48086,752.2662698406896,468.8483260478466,0
98411.80000001192,48133,724.6056904992964,451.16325594285667,0
98457.30000001192,48180,710.4285443823599,438.4428289638842,0
98506.5,48238,723.5332112609832,442.89065419749375,0
98568.90000000596,48305,686.0754104308522,431.0299778801528,0
98630.80000001192,48354,688.6701126294508,416.2137594022476,0
98682.59999999404,48404,659.0009319700173,409.29669045978704,0
98729.90000000596,48454,635.5758888123839,392.8290322528191,0
98780.90000000596,48501,643.314403508054,393.94768946647594,0
98826.09999999404,48556,619.9941245764303,382.22025359499,0
98885.80000001192,48614,611.6060009300616,380.3905039525195,0
98939.59999999404,48665,614.8906722467058,375.31214701690607,0
98990.70000001788,48714,611.8626339856044,374.2074568403745,0
99039.5,48768,626.8190166116636,365.2222971451818,0
99093.09999999404,48830,622.9721403717456,374.0696957971889,0
99157.90000000596,48887,617.6983929789609,380.09025239020184,0
99212.80000001192,48934,632.4233837002924,373.2608142588127,0
99259,48985,663.1360028428307,399.0607928895276,0
99310.80000001192,49035,717.8604699651114,418.6592208789416,0
99361.70000001788,49091,749.0167736426996,431.7209467294577,0
99418.90000000596,49156,759.0176781648561,438.4004344239314,0
99484.70000001788,49214,771.9048569265582,451.28654637340645,0
99539.30000001192,49263,759.580695383441,443.7839312896402,0
99588.30000001192,49359,772.691590281328,460.96910948240173,0
99716.80000001192,49542,760.7549174802242,455.6771024026433,0
99898.09999999404,49709,749.1934797326345,450.958873351485,0
100064.20000001788,49876,778.8952527568596,454.7823083630963,0
100232,50058,778.0318391547204,461.84093364402844,0
100414.30000001192,50226,782.4220189732921,453.8449911463485,0
100584.90000000596,50393,763.9470777785388,447.64731704146993,0
100747.09999999404,50558,747.5352871888186,440.04070646035467,0
100914.80000001192,50725,755.54386743794,447.8670907125996,0
101082.30000001192,50908,746.1589930072657,446.71014196641283,0
101265.59999999404,51092,752.4696777555023,445.3679593555572,0
101450.20000001788,51258,757.641013112094,447.04330275250993,0
101613.20000001788,51425,752.8279073872741,449.74561352087784,0
101781.80000001192,51592,743.8964978537743,448.062642931429,0
101946.5,51757,760.8785987801143,458.84137813450826,0
102112.70000001788,51925,734.612815107978,455.13008794024415,0
102280.90000000596,52108,735.3994547521121,448.34840879428145,0
102463.80000001192,52291,752.5877510415935,457.63606872872873,0
102648.5,52474,755.9179859098793,450.8811092446593,0
102831.30000001192,52641,739.5512622584392,441.5848046440016,0
102997.90000000596,52824,721.3166421538662,433.1444936812536,0
103179.70000001788,53007,712.7840798866062,421.14204091814065,0
103363.40000000596,53193,720.111268783678,431.88161012398217,0
103547.30000001192,53357,725.5552269033928,433.06475896094116,0
103713.20000001788,53540,716.370321228736,430.5885754966156,0
103897,53707,731.2508481257591,442.22802348847216,0
104062.90000000596,53857,702.8556883288443,436.31319933049207,0
104214.5,54007,678.2038994012894,429.6502707313322,0
104364.30000001192,54190,648.0530803229656,425.3403014361361,0
104546.09999999404,54340,648.3806359484299,442.2424753326061,0
104696.59999999404,54523,690.4432403895818,446.6045237751595,0
104879.20000001788,54690,686.1351497410623,465.115689965797,0
105045.80000001192,54874,657.768164712481,457.12442429944446,0
105229.40000000596,55023,621.822847565239,455.36847786488005,0
105380,55206,667.0390580098081,519.5766059532427,0
105562.20000001788,55389,668.1680738984669,531.834042132753,0
105744.09999999404,55539,689.7662979137917,543.1026718442213,0
105894.59999999404,55690,738.3956614915367,554.8203777443213,0
106044.70000001788,55873,764.071481389007,577.6512308548649,0
106230,56057,761.3318088900379,583.2258628438476,0
106413.20000001788,56239,766.6093998282455,568.179364315757,0
106596.90000000596,56390,790.7219772563839,542.2740059822586,0
106746.40000000596,56573,748.2097342898463,521.7282845212966,0
106928,56723,800.0798573927301,481.70814747354405,0
107078.09999999404,56889,893.0449945547047,468.45100490050754,0
107244.59999999404,57072,886.6355421986326,444.0608317897697,0
107461,57306,927.3096183244122,394.8756753945345,0
107696.5,57523,914.5441597713696,447.6451895552715,0
107896.30000001192,57672,889.2143500990825,476.5090403623971,0
108011.30000001192,57789,863.7349907822031,498.0181713610244,0
108127.09999999404,57905,810.0480767500958,467.93494110693126,0
108278.20000001788,58039,817.5249794216537,458.0072877417191,0
108379.30000001192,58156,824.0703431282894,402.95670804665264,0
108494.5,58255,847.9497807967226,394.47991819091146,0
108594.59999999404,58372,851.6051628695125,360.2533166652447,0
108711.80000001192,58471,892.6108123629341,342.30449302189515,0
108842.90000000596,58622,882.9086105795767,388.58030896571927,0
108994.70000001788,58771,868.9773483671567,441.35576343476106,0
109143.20000001788,58922,934.4681851733918,461.4564059164868,0
109293.5,59071,932.4967739454407,454.36337840971663,0
109410.30000001192,59188,899.3377719637657,433.55235628732777,0
109559.90000000596,59338,987.7856188371143,374.3404896167309,0
109696.90000000596,59471,1172.4902795753926,345.45525617668864,0
109843.20000001788,59641,1284.4743431730708,307.2358655326973,0
110009.30000001192,59774,1381.2592341257293,244.67011704538476,0
110113.20000001788,59891,1437.2421775732505,188.02643589595868,0
110229.30000001192,60006,1484.4880410469232,143.22687715948368,0
110343.20000001788,60121,1527.5029577766504,128.1720039019957,0
110461.5,60221,1550.1040349095458,104.13775385025976,0
110560.5,60324,1543.2878523653399,104.39971475294065,0
110660.09999999404,60438,1387.4299129000158,154.03388111049733,0
110777.09999999404,60537,1343.2238831742459,198.84058044795398,0
110875.40000000596,60613,1281.5862453090883,250.34687025367828,0
110942.30000001192,60705,1230.4146796933605,234.08283025950914,0
111043.40000000596,60806,1204.1542414213905,311.8615871604321,0
111143.40000000596,60904,1185.427755991496,361.0597278645092,0
111243.5,61004,1175.4164578442414,407.9647996245772,0
111343.20000001788,61104,1178.3665198333333,433.7262116834273,0
111443.70000001788,61204,1186.2154124766162,451.24101265349265,0
111545.40000000596,61305,1189.5495240312198,486.2982442680525,0
111645.20000001788,61421,1193.6777545410746,510.19260374906787,0
111759.40000000596,61537,1205.0731679437922,509.7267850700583,0
111877,61638,1048.9275711151463,522.5846978727045,0
111977.90000000596,61738,1009.1818779763963,524.6787215642731,0
112076.80000001192,61855,1009.7325867532226,557.2729210763629,0
112192.80000001192,61956,1012.836599548246,605.0940581686244,0
112282.09999999404,62006,1042.2256472866757,641.511892633293,0
112330.20000001788,62072,1080.9388468535244,698.6342688384145,0
112411.40000000596,62172,1099.7875292848994,724.1951256578059,0
112542.59999999404,62304,1171.5515105121992,597.8083346800067,0
112643.70000001788,62405,1227.4410222878644,474.7681318913775,0
112743.59999999404,62515,1292.1584659208604,378.41219010851034,0
112847.5,62585,1338.2152368648651,290.69592216249004,0
112912.30000001192,62632,1371.0022932277611,228.4753399466328,0
112956,62679,1365.9657016069614,183.73582014452,0
113012.80000001192,62736,1388.0982422028856,179.95860362925706,0
113064.90000000596,62791,1371.5995111199475,167.1206218090798,0
113117.70000001788,62844,1313.904829299182,175.2752949250454,0
113170.5,62899,1320.5313475674427,193.83720800846154,0
113229.20000001788,62951,1260.6132105961944,174.5116168132673,0
113283.09999999404,63014,1191.746833761149,164.633483533942,0
113341.70000001788,63066,1109.8446506253765,152.0646417157819,0
113396.09999999404,63124,1033.3997613213148,147.5253251755845,0
113450.40000000596,63176,981.5896479993279,128.5281918124565,0
113502.80000001192,63231,907.8971535810302,132.36706291911761,0
113561.30000001192,63282,801.5417711958913,111.45556189862441,0
113611.59999999404,63340,742.1427871763585,156.59325059670155,0
113666.30000001192,63395,709.8961013089,161.96456086068412,0
113720.90000000596,63448,675.2264835042963,151.377238750292,0
113775.40000000596,63497,640.7777507761765,146.9409059355288,0
113821.59999999404,63548,633.7533546454764,148.6408235158362,0
113873,63599,639.361123660324,183.82308811570073,0
113924.30000001192,63652,616.0662214335302,178.52946166493732,0
113977.90000000596,63710,601.7281365881979,164.60760876503707,0
114039.30000001192,63796,628.3493170232573,200.79846262934205,0
114124.20000001788,63846,633.4955832970415,298.1652113619603,0
114170.09999999404,63898,738.0145823682258,381.47277646928603,0
114228.70000001788,63955,775.03863253711,379.02109984433787,0
114283.09999999404,64014,798.1811501582471,402.8137990494838,0
114344.20000001788,64068,795.0579532999286,414.6287171777497,0
114397.80000001192,64125,843.406650221013,483.2625336607856,0
114452.5,64177,864.5368901541158,530.25554958432,0
114504.40000000596,64228,861.0565963377071,578.9998346334526,0
114555.59999999404,64281,819.5205850589033,583.6495936941244,0
114604.59999999404,64333,826.5587109990773,625.1198621388302,0
114659.70000001788,64392,841.7732077672674,628.772953936859,0
114716,64445,863.364080272698,640.9107763613093,0
114769.09999999404,64500,897.7839768403045,617.5491206464505,0
114826.59999999404,64580,941.2771994873332,559.5568709405628,0
114913.90000000596,64651,975.8169293194342,577.3745576914864,0
114983,64711,973.1674408901011,582.3997844975171,0
115037.40000000596,64765,885.2171233476402,601.4804530165626,0
115094.59999999404,64820,859.923333992174,636.223818919986,0
115149.70000001788,64880,848.0432883148292,647.7064308332918,0
115207.5,64942,836.7492924088252,685.8340241370972,0
115270.5,65000,825.3126004615214,696.1267668229326,0
115329.30000001192,65059,800.5190846280757,698.557853976093,0
115385.5,65125,797.1850384357139,723.4664081292993,0
115450.80000001192,65198,786.4913324980206,733.9450876196397,0
115522.59999999404,65249,792.4724082481572,730.9211985389231,0
115573.80000001192,65297,788.8500729793661,715.194237696232,0
115622.20000001788,65349,774.4593898736547,736.0791443992247,0
115675.70000001788,65416,713.9625102189588,752.1760327701368,0
115744.30000001192,65480,685.864237369003,702.7371915946924,0
115809.40000000596,65542,631.5062554934424,682.0190410556564,0
115870.09999999404,65599,675.1733614743326,711.0747644253402,0
115923.59999999404,65651,700.4608563487208,705.0872445249864,0
115978.90000000596,65708,754.0140661987068,712.7588506106819,0
116032.20000001788,65766,752.6934983241551,688.2221955885442,0
116091.90000000596,65826,798.4451350164276,715.50589287702,0
116150.40000000596,65878,837.1588725568938,710.0886913492562,0
116202.80000001192,65933,885.3694041781517,704.6507819078778,0
116260.20000001788,65998,914.1798642650525,688.3413287892109,0
116323.09999999404,66049,913.0763528170016,685.4167112452154,0
116374.20000001788,66095,926.4090381088596,666.4112682360234,0
116419.70000001788,66144,933.2620316026076,630.8715055192033,0
116475,66196,899.5919561342236,621.8668284578004,0
116525.30000001192,66247,895.4932920407468,629.3970534449276,0
116579.70000001788,66308,887.7770979780782,618.5222271377331,0
116637.30000001192,66362,882.9387448303316,601.3999942062743,0
116690.20000001788,66413,882.605569638877,591.5990485115068,0
116739.90000000596,66464,882.5816146501968,583.475081475547,0
116794.70000001788,66531,871.3502006592385,536.4863888380843,0
116862.30000001192,66589,852.4572421979515,511.4073469733862,0
116915.80000001192,66644,838.2621047895948,483.6131248909163,0
116970.80000001192,66700,843.0319581142544,473.31678579758943,0
117027.70000001788,66757,827.7310352983388,440.92545477096735,0
117081.40000000596,66820,779.2413737681588,456.1002102799489,0
117151.30000001192,66897,767.9112790641667,485.8004662250649,0
117228.30000001192,66959,761.4218046190159,512.0867249034611,0
117286.90000000596,67025,784.6898563984857,531.8524522538764,0
117350.5,67084,915.8719653411742,568.5375594868183,0
117409.70000001788,67140,980.9129943113551,549.8748305739043,0
117465.09999999404,67199,955.481412992431,528.0531023187916,0
117526.70000001788,67258,980.2792272003217,536.6871763090461,0
117582.09999999404,67312,979.7546179870976,531.8428374014157,0
117636.90000000596,67374,1008.0570039845627,514.591797458178,0
117702.90000000596,67434,1097.798676637792,489.7622615306818,0
117763.90000000596,67490,1052.3939256275303,451.9712130840578,0
117816.40000000596,67547,1041.3543648636487,424.99421287604247,0
117879.59999999404,67613,1024.3803620478195,466.63234235880736,0
117942,67673,1014.0801586040044,482.85400762677097,0
118001.80000001192,67738,980.6342106202766,452.4585915090425,0
118065.59999999404,67809,957.1326803900434,476.03419768577197,0
118138.90000000596,67872,939.07242076363,447.8244348770577,0
118214.90000000596,67943,1075.2066062271936,548.8758965135504,0
118270.70000001788,67997,1049.2560618253617,535.1728129786601,0
118327.30000001192,68059,1086.4721194616764,545.909659493369,0
118385.70000001788,68116,1092.7591385963858,522.6070344570494,0
118445.70000001788,68174,1125.669196054654,481.2944143759071,0
118500.80000001192,68240,1164.0553508500932,450.31755760477796,0
118572.09999999404,68304,1194.4453482592091,419.97410090698287,0
118631.70000001788,68379,1192.2608071006784,454.48836633953607,0
118708.30000001192,68446,1217.6762427137808,491.38373775156623,0
118777.09999999404,68506,1173.502927833676,504.1384650612324,0
118832.59999999404,68565,1162.1620099295076,475.51911759816085,0
118896,68625,1230.8269096939691,463.36551320135754,0
118952.40000000596,68681,1205.5750484251548,416.54764082306224,0
119011.20000001788,68739,1176.6333033484123,341.2301249227431,0
119065,68795,1154.1412380827182,274.88147905926337,0
119127.70000001788,68859,1155.313506041911,245.7968766653663,0
119182.90000000596,68913,1152.962257551993,231.12171609892093,0
119237.59999999404,68971,1154.6542596991133,218.79078214367763,0
119298.40000000596,69027,1123.9625684949976,183.64099115487036,0
119353.80000001192,69083,1101.8226253893788,176.51046545912217,0
119411.09999999404,69142,1079.0929418868323,173.24725149329808,0
119466.70000001788,69210,1057.7253133788731,173.2302297091111,0
119536.70000001788,69272,1050.0753002717747,165.70448832807492,0
119596.5,69327,1053.7591788373993,168.21759026829497,0
119650.90000000596,69378,1037.960459809437,163.14728633861014,0
119702.59999999404,69440,1027.337670728445,165.46500506642988,0
119765.09999999404,69502,1029.086375912875,244.34232819325297,0
119826.70000001788,69564,1005.7709536512762,281.28503354128844,0
119890.09999999404,69626,936.0877098955618,266.4313217239384,0
119950.70000001788,69690,908.642180180112,266.6641986945643,0
120013.90000000596,69751,853.4580492509921,245.0550928458222,0
120076,69810,851.2541714212696,238.46776078752484,0
120134.30000001192,69862,861.4328869857492,231.7463980264335,0
120186.90000000596,69921,913.405992979336,254.87075626945838,0
120245,69976,838.3490403855221,287.76899779001866,0
120299.80000001192,70025,887.3319823779324,368.86671115930613,0
120348.40000000596,70073,925.396797902351,388.0847930588688,0
120396.40000000596,70123,893.124760504762,360.25057439735326,0
120447,70185,897.1344061733507,405.20519593081076,0
120511.70000001788,70248,927.8158575370668,396.61062706423445,0
120576.20000001788,70307,910.3488407142866,378.04480298366906,0
120636.30000001192,70362,849.5368865404358,419.73709660187865,0
120689.90000000596,70413,828.0995399918706,379.9626795931978,0
120742.09999999404,70465,876.995404861332,377.1484845320457,0
120795.70000001788,70523,874.1089004452706,376.28683390724115,0
120850.09999999404,70581,870.9266486984584,305.2431361142664,0
120910.09999999404,70643,852.8369630194272,269.6262069292041,0
120974.90000000596,70705,865.5270626600557,229.78553302660825,0
121032.09999999404,70757,883.1776691442271,221.3681575821512,0
121080.5,70808,916.781550651706,243.27035683539214,0
121134.40000000596,70871,931.1517292373262,216.48018571616,0
121194.90000000596,70926,934.6321496326959,225.66400531170405,0
121250.30000001192,70989,929.4915577697373,201.8579548034284,0
121313.30000001192,71044,943.2529534060335,195.97165977440235,0
121368.5,71103,963.5934928933704,224.4139398538161,0
121427,71155,954.5626238377691,204.47669818063866,0
121479.09999999404,71207,952.7755651771984,203.9997508485352,0
121533.90000000596,71264,954.035267719635,221.3732612599784,0
121591.90000000596,71325,987.8464355069009,228.16369253480596,0
121649.90000000596,71388,976.0994581486999,216.14173983285198,0
121713.80000001192,71466,974.324364159929,280.6240413922549,0
121793.90000000596,71523,938.1838994069919,321.3402490923861,0
121846.70000001788,71572,989.6824307226203,385.21053105566585,0
121896,71621,975.0332824050298,364.5576144124217,0
121945.09999999404,71672,976.5352041812674,354.41406704409394,0
121995.80000001192,71731,962.5458804656179,271.45392783174634,0
122057.20000001788,71782,970.4864719563437,257.34493556550535,0
122107.5,71828,960.7126850318464,242.62488710079506,0
122155.70000001788,71879,952.2400798282013,256.35142642672776,0
122208.80000001192,71937,938.2590117463614,219.82732072280362,0
122264,71987,943.0284963652771,246.76331109186037,0
122310.59999999404,72033,944.0576721932879,262.50862618010706,0
122357.5,72080,936.7966524654769,251.65072617545204,0
122408.90000000596,72138,939.1852075190662,272.55801342401963,0
122464.90000000596,72195,993.0562513258537,267.25370159082934,0
122523.09999999404,72248,975.186754163643,285.3447832374951,0
122576.09999999404,72306,980.9753767469293,306.16520356214863,0
122633,72366,959.6560865475938,314.6127847317855,0
122696.59999999404,72425,949.5311678230973,339.72476810630667,0
122752.5,72478,932.0663589630259,356.18812858220684,0
122807.30000001192,72542,916.3791536206261,383.8241157361118,0
122872,72603,909.2723957291347,417.1685453345181,0
122929.5,72656,881.6492200254633,437.2730164505,0
122984.59999999404,72713,842.1015411487481,460.6939142271592,0
123041.90000000596,72779,776.5541517939622,459.64407523397153,0
123107.59999999404,72831,796.9855033685815,514.1006445417411,0
123159.80000001192,72891,810.5049265118419,581.2478996545178,0
123217.80000001192,72944,819.2665241282247,609.0452479924489,0
123272,72995,833.4401343881447,638.9876539460721,0
123326.5,73057,813.9295064724512,651.9094765922551,0
123383.5,73119,807.2856756583271,668.9091001694815,0
123443.70000001788,73176,795.8658607540647,673.6673560234344,0
123500.09999999404,73238,826.707418756345,689.3689270355914,0
123562.59999999404,73296,811.1075002733351,667.0729679150791,0
123621.20000001788,73355,801.1812531433035,667.5372312778343,0
123678.80000001192,73412,813.0632291033403,691.7400949149508,0
123739.90000000596,73472,828.9301636523653,673.2776508373912,0
123796.5,73539,829.3203162334463,670.4246415542383,0
123867.09999999404,73605,828.8104810232285,656.0011018789371,0
123929.30000001192,73658,841.4090174169287,655.236055364709,0
123982,73714,850.5107779914955,636.3492548882175,0
124041.90000000596,73778,855.3855237620746,619.6727994716003,0
124110.09999999404,73838,887.4337634458429,649.4812631577837,0
124163.70000001788,73894,917.1662240443386,643.4463475543027,0
124218.40000000596,73945,959.8884386930146,619.4790956806839,0
124269.70000001788,74003,902.0480091319619,604.487647369626,0
124329.80000001192,74061,902.6604423127395,625.2922597926045,0
124385.20000001788,74120,976.9807574737008,652.1307388128928,0
124446.90000000596,74187,1026.611304088298,635.2486688697561,0
124511.5,74238,1068.1985936179908,649.3060422904467,0
124561.5,74288,1115.706101858017,638.7093215041489,0
124612.59999999404,74339,1079.156034543506,651.9396081686427,0
124663.20000001788,74388,1095.5847560658763,671.7733424680371,0
124733.09999999404,74455,1021.2414741132136,658.2685340722622,0
124782.09999999404,74509,980.4614063214644,660.0982213593961,0
124835.40000000596,74616,931.5502485351446,625.0255277532908,0
124988.20000001788,74765,885.6344939177513,593.1376973690587,0
125137.80000001192,74931,919.4606832442518,593.9009158910983,0
125304,75082,921.4358774649181,536.0075997651426,0
125453.59999999404,75249,918.7916711121524,467.8898889632506,0
125622.90000000596,75415,913.357849229019,352.69204230117117,0
125788.09999999404,75566,896.0632368586179,270.62086183856985,0
125905.80000001192,75690,930.7054323059506,255.44542308970267,0
126024.59999999404,75757,936.4065938127296,194.78778738617285,0
126081.40000000596,75807,942.1773403268297,180.5741751855474,0
126131,75857,887.4308348148028,286.2943737072444,0
126181.59999999404,75909,838.7192635535996,317.87161061513336,0
126233.09999999404,75955,809.1629793650765,265.14289945543317,0
126279.5,76004,794.4907335751341,217.14650992206393,0
126328.30000001192,76057,826.4987317207973,227.30418608020187,0
126381.09999999404,76105,884.289656132047,271.2169001561739,0
126429.30000001192,76152,896.7061288807021,249.08192815589692,0
126476.90000000596,76202,918.3673977218109,232.86487211638774,0
126526,76252,943.250228552445,241.04305555072526,0
126577.09999999404,76304,951.1879727548644,259.6090729717025,0
126628.59999999404,76352,976.3292404956462,251.36058045800434,0
126675.80000001192,76398,999.3573519456719,270.9140588743198,0
126723.20000001788,76442,1014.2893211027838,270.4730363252223,0
126766.5,76496,1075.2675581344154,352.8738860989391,0
126821.90000000596,76551,1118.03599517594,421.6788009047816,0
126875.09999999404,76596,1173.8295649279125,458.41503649910237,0
126923.90000000596,76642,1120.708535005251,459.60010356654794,0
126966.20000001788,76687,1033.349712304294,485.5148724877209,0
127010.90000000596,76749,943.9201851405734,518.426376045997,0
127074.20000001788,76803,802.1397078478833,499.3391098507704,0
127127.40000000596,76854,680.1955331878644,468.5575385665362,0
127178.5,76902,600.0632561647424,454.71186086230904,0
127225.90000000596,76946,527.4125377256004,433.5499751604333,0
127273,76993,468.50309785227864,436.3939927796143,0
127317.5,77036,424.7780048503515,426.5971566189755,0
127359.59999999404,77080,390.8949969277572,403.4157988093391,0
127405.20000001788,77122,373.2985882031894,389.99040958786253,0
127446.90000000596,77172,350.6336344970803,395.4582155602766,0
127496.09999999404,77215,346.3973525409273,420.55699966576736,0
127540.90000000596,77260,324.46289934829616,410.86781120541093,0
127583.80000001192,77304,322.17703339791694,403.83941343651844,0
127627.5,77348,340.5381821004795,429.87412681217046,0
127674.5,77393,360.7315240229772,440.93701191706486,0
127719.30000001192,77437,399.211036641226,461.83583230000437,0
127760.59999999404,77483,384.4703930038173,422.64086690244693,0
127807.40000000596,77527,391.0973093437301,419.22780000397336,0
127852.40000000596,77572,396.9049802089186,385.4982068366339,0
127896.20000001788,77618,406.20809689623013,362.42679119830984,0
127942.09999999404,77662,435.29018110159075,346.0917286478616,0
127987,77704,462.10865842285284,327.3984350211418,0
128028,77749,471.81382245299636,314.42313344010483,0
128072.5,77793,475.7184292932192,299.13261956772936,0
128117.09999999404,77835,486.4087108669074,288.1879951181399,0
128159,77879,486.9483030457982,288.85629034270477,0
128205.90000000596,77923,484.5415083937671,288.3869964835404,0
128246.90000000596,77969,461.6786719733143,274.4386076769528,0
128292.70000001788,78012,436.2247306337114,257.50929051045773,0
128339.40000000596,78058,443.32053486642013,252.79531336319025,0
128382.5,78102,452.09101126987906,261.4733172140976,0
128426.30000001192,78145,446.4033633024455,250.29274383513444,0
128471.20000001788,78189,421.7026272958391,252.8054584230869,0
128513.5,78234,401.3465381378493,254.7310647211045,0
128558,78275,404.45178902535315,262.79326127366176,0
128599.20000001788,78318,410.4930366362084,272.79762310439935,0
128642.30000001192,78362,424.6167332021606,282.6653025767531,0
128687.80000001192,78406,450.388786719332,305.8092935106141,0
128729.80000001192,78454,484.1900208831094,336.91630704620997,0
128777.90000000596,78501,497.9284582792658,344.5763846407991,0
128824.80000001192,78543,522.8810124664537,352.2629516695639,0
128868,78603,548.3651977235942,361.55185624498546,0
128927.40000000596,78652,570.0986192067917,365.9290053609543,0
128975.5,78700,585.5207600831513,373.96191581617984,0
129024.40000000596,78751,596.2195996789502,386.73843157756494,0
129075.40000000596,78801,598.7007980333548,395.95104815244486,0
129124.80000001192,78846,561.8096790625943,389.22391021973914,0
129173.40000000596,78901,557.8623727387485,406.88489837462976,0
129224.90000000596,78943,542.1851137128103,402.61378636719036,0
129268.30000001192,78986,545.9991482547507,398.61213330723814,0
129310.59999999404,79034,530.0656508825232,417.81748127849323,0
129358.59999999404,79086,504.3579562420374,442.26545182370626,0
129410,79135,486.07184109673204,470.9228566725028,0
129458.80000001192,79185,478.43074910966953,469.8825533554594,0
129512.09999999404,79252,466.71311933417047,468.13656901027133,0
129585.09999999404,79311,466.980593358915,478.3192079610883,0
129636.90000000596,79357,468.352122787322,478.1705022851691,0
129681.5,79403,442.5192915110318,463.4533522645705,0
129726.70000001788,79451,453.883725800336,449.58938729890883,0
129775.30000001192,79521,454.5522522179926,459.85744185548367,0
129846.09999999404,79576,445.0065339421069,444.8791753250879,0
129901.09999999404,79621,445.7793047203664,442.8367545078176,0
129945.40000000596,79670,564.2857849476925,514.3809670708391,0
129995.20000001788,79735,684.0999748666903,548.2727931245388,0
130060.59999999404,79803,797.1869650867968,569.8795062752907,0
130130,79870,854.3480716438119,610.2236258167964,0
130194.09999999404,79921,883.5030911200603,637.3174643917861,0
130246,79971,893.5797895821676,634.9254568349895,0
130296,80020,878.5452397117076,621.7272276366656,0
130344.09999999404,80120,870.1952711649342,622.4968106070099,0
130445.59999999404,80175,795.1357785605926,563.9354724768534,0
130501.09999999404,80220,752.2136627639361,547.2614243930765,0
130544,80287,707.6638627405034,505.33528756773427,0
130611.80000001192,80352,705.7928072541525,490.3844137248147,0
130677.20000001788,80430,718.9888625657406,508.4547608295795,0
130757.40000000596,80514,714.8272179386839,487.70383355682367,0
130841.90000000596,80591,720.9856198336382,469.3432155308217,0
130915,80651,722.5977094761378,434.4325195885866,0
130975,80726,688.0026319355949,410.7609425754092,0
131050.59999999404,80799,673.8768724000602,391.0584146983899,0
131123.70000001788,80867,688.7141584469,392.7058720019834,0
131191.5,80919,635.6582051964776,353.6982403097403,0
131242.59999999404,80988,662.4442449258813,390.55136794354434,0
131312,81050,641.2037772226341,364.3495538641917,0
131376.40000000596,81121,688.41699670529,428.110662187382,0
131445,81178,699.3409859013926,432.80673322330045,0
131506.80000001192,81285,663.0409581887815,404.865982814325,0
131610.90000000596,81358,697.6529335656983,471.06698447775483,0
131682.5,81405,644.5328998445456,415.465879590631,0
131729.30000001192,81482,660.3954998645634,456.67185899583575,0
131806.40000000596,81524,612.5584880066802,396.97433580105377,0
131847.90000000596,81585,644.4622646218694,433.4466276764222,0
131910.40000000596,81676,707.4840002468018,509.30358263328236,0
132010.90000000596,81763,658.3229263022472,446.49792632829025,0
132102.5,81945,694.3113230467801,510.83335789792636,0
132284.5,82129,664.3884861097893,479.0617318257772,0
132469.30000001192,82246,608.6798752972702,457.16821194315116,0
132583.90000000596,82411,567.742283179833,421.0926915470518,0
132750.40000000596,82579,511.49352139666087,357.69701682799746,0
132917.59999999404,82762,522.8500849618977,381.3533997216801,0
133100.80000001192,82945,597.0981661152828,405.4005712131862,0
133284.20000001788,83045,696.7861344371023,458.19151972853786,0
133383.80000001192,83144,796.6847520599375,501.1042390837776,0
133485.5,83245,879.0733609523776,563.9800161727177,0
133584.40000000596,83361,947.2047436367612,567.0218457638986,0
133700.5,83478,936.3135913923564,608.3521460852544,0
133817.09999999404,83595,948.5038769709279,637.7393208940607,0
133934.59999999404,83696,907.1065421308215,575.938245814267,0
134035.90000000596,83795,894.5636639833689,557.1190307792871,0
134138.59999999404,83895,894.9194787318406,525.2107829037384,0
134236.5,83996,908.8594294255244,500.7039059739592,0
134334.40000000596,84097,904.4758890983298,496.1944744637092,0
134422.5,84154,997.2833407083228,512.7487833983519,0
134480.59999999404,84215,1084.5253642323532,528.3656160439936,0
134538.80000001192,84260,1136.8377812832612,533.1460430404023,0
134587.30000001192,84313,1193.9512197770935,522.6708951759907,0
134638.5,84373,1223.6573475808111,504.141097873758,0
134699.30000001192,84425,1244.6113449583222,487.0858851102271,0
134749.5,84484,1280.781876018433,481.80443814774304,0
134810.40000000596,84548,1171.5550436037147,508.7571247609977,0
134873.20000001788,84599,1019.3166552987724,500.3015714928457,0
134922.59999999404,84650,960.1544831622931,509.6243097812183,0
134974.80000001192,84701,916.4338003313921,493.893820853033,0
135024.59999999404,84751,863.6066904843424,457.469200810947,0
135074.90000000596,84799,850.5659573750326,436.7000844517722,0
135123.30000001192,84845,833.903888756836,412.5442775499664,0
135170.40000000596,84891,803.9751532711732,375.005024082414,0
135215.40000000596,84942,798.218998647243,359.83922056969493,0
135271.20000001788,84994,801.5971535773896,360.9898578958691,0
135320.20000001788,85050,801.9482804561509,349.0458263908818,0
135375.09999999404,85100,799.2976844889508,358.66579926870685,0
135424.20000001788,85148,815.768038098995,391.310039213192,0
135472.59999999404,85198,842.7820151572798,422.99347826084016,0
135522.59999999404,85249,881.655725742611,447.6515758886244,0
135573.5,85298,885.7717967745936,455.01865198130486,0
135622.5,85347,928.4592220235431,492.06217098922934,0
135671.70000001788,85398,934.0346739344453,481.0194505553632,0
135725.70000001788,85450,947.4370546406187,423.5994674073109,0
135777,85500,962.0568446864715,390.98302149959596,0
135826.70000001788,85551,980.2473826018427,335.79200449891533,0
135878.20000001788,85602,993.2701034911557,285.73816097261107,0
135929.70000001788,85658,1047.3036658845135,257.0932947904737,0
135989.20000001788,85716,1067.075157464997,214.01290257824726,0
136042.80000001192,85768,1128.9778760710353,189.43389444890153,0
136094.40000000596,85823,1100.251666742409,207.91237003060485,0
136147.5,85871,1094.7725664700579,261.68670785029684,0
136197.90000000596,85922,1093.212413298033,277.47458533628,0
136249.20000001788,85980,1085.1530491118685,277.8162076145509,0
136307.70000001788,86034,1117.100919834484,328.23969482655747,0
136362.20000001788,86091,1113.5017999406437,338.725335993232,0
136419.70000001788,86148,1120.6365110948932,322.4697053318732,0
136474.80000001192,86203,1104.1792837581725,309.56308432406945,0
136529.30000001192,86258,1104.3487827341007,301.97209108700315,0
136586.5,86317,1077.2091319949204,253.62080335059125,0
136643.20000001788,86375,1071.6961230897375,239.58632444674257,0
136703.59999999404,86431,1058.4065862768857,207.10610064629805,0
136760.20000001788,86492,1041.7353723146732,204.323918240159,0
136820.80000001192,86547,1053.2797133873294,206.76924364888788,0
136874.20000001788,86603,1069.1505275095994,191.5071936593905,0
136929.59999999404,86657,1074.0237935282362,188.44445833507953,0
136981.90000000596,86707,1066.35819571371,194.54843880232386,0
137032.5,86757,1083.0271475888792,204.6632364082231,0
137081.5,86808,1092.0001848992972,213.22165447664145,0
137133.70000001788,86860,1091.0025188920458,260.7405415139705,0
137186,86915,1079.844664310434,311.85047556447074,0
137238.90000000596,86973,1044.4183824420913,358.6281004178817,0